﻿<?xml version="1.0"?>
<doc>
<assembly>
<name>
MonitorCenter
</name>
</assembly>
<members>
<member name="T:MonitorCenter.My.Resources.Resources">
<summary>
  用於查詢當地語系化字串等的強類型資源類別。
</summary>
</member>
<member name="P:MonitorCenter.My.Resources.Resources.ResourceManager">
<summary>
  傳回這個類別使用的快取的 ResourceManager 執行個體。
</summary>
</member>
<member name="P:MonitorCenter.My.Resources.Resources.Culture">
<summary>
  覆寫目前執行緒的 CurrentUICulture 屬性，對象是所有
  使用這個強類型資源類別的資源查閱。
</summary>
</member>
<member name="P:MonitorCenter.My.Resources.Resources.AUO">
<summary>
  查詢類型 System.Drawing.Bitmap 的當地語系化資源。
</summary>
</member>
<member name="P:MonitorCenter.My.Resources.Resources.CloseLaba">
<summary>
  查詢類型 System.Drawing.Bitmap 的當地語系化資源。
</summary>
</member>
<member name="P:MonitorCenter.My.Resources.Resources.MainIcon">
<summary>
  查詢類似 (圖示) 的類型 System.Drawing.Icon 當地語系化資源。
</summary>
</member>
<member name="P:MonitorCenter.My.Resources.Resources.OpenLaba">
<summary>
  查詢類型 System.Drawing.Bitmap 的當地語系化資源。
</summary>
</member>
<member name="P:MonitorCenter.My.Resources.Resources.SoundOff">
<summary>
  查詢類型 System.Drawing.Bitmap 的當地語系化資源。
</summary>
</member>
<member name="P:MonitorCenter.My.Resources.Resources.XGray">
<summary>
  查詢類型 System.Drawing.Bitmap 的當地語系化資源。
</summary>
</member>
<member name="P:MonitorCenter.My.Resources.Resources.XGreen">
<summary>
  查詢類型 System.Drawing.Bitmap 的當地語系化資源。
</summary>
</member>
<member name="P:MonitorCenter.My.Resources.Resources.XRed">
<summary>
  查詢類型 System.Drawing.Bitmap 的當地語系化資源。
</summary>
</member>
<member name="P:MonitorCenter.My.Resources.Resources.XYellow">
<summary>
  查詢類型 System.Drawing.Bitmap 的當地語系化資源。
</summary>
</member>
<member name="M:MonitorCenter.AlarmForm.Timer1_Tick(System.Object,System.EventArgs)">
 <summary>
 一直把QUEUE裡面TIMEOUT的抓出來，丟掉
 </summary>
 <param name="sender"></param>
 <param name="e"></param>
 <remarks></remarks>
</member>
<member name="M:MonitorCenter.AlarmForm.Timer1_CheckNoClickTimeout_Tick(System.Object,System.EventArgs)">
 <summary>
 常駐，判斷是否都沒人按，每5秒把目前的抓出來看是否TIMEOUT  如果此筆TIMEOUT馬上抓QUEUE下一個看，看到沒有TIMEOUT後，再下一次循環
 </summary>
 <param name="sender"></param>
 <param name="e"></param>
 <remarks></remarks>
</member>
<member name="T:MonitorCenter.S17FormMessage">
 <summary>
 給S17用的，主要是傳遞給Form的用物件而已，爽
 </summary>
</member>
<member name="M:MonitorCenter.MonitorGroupForm.Timer1_AfterTimeout_Tick(System.Object,System.EventArgs)">
 <summary>
 一直把QUEUE裡面TIMEOUT的抓出來，丟掉
 </summary>
 <param name="sender"></param>
 <param name="e"></param>
 <remarks></remarks>
</member>
<member name="M:MonitorCenter.MonitorGroupForm.Timer1_CheckNoClickTimeout_Tick(System.Object,System.EventArgs)">
 <summary>
 常駐，判斷是否都沒人按，每5秒把目前的抓出來看是否TIMEOUT  如果此筆TIMEOUT馬上抓QUEUE下一個看，看到沒有TIMEOUT後，再下一次循環
 </summary>
 <param name="sender"></param>
 <param name="e"></param>
 <remarks></remarks>
</member>
</members>
</doc>
